{"polyfill":["/polyfill-6a0abff673c64ffa4f99.js"],"app":["/app-cf41ed6c3b20d7eedb46.js"],"component---src-pages-404-js":["/component---src-pages-404-js-86699f511dc801b18891.js"],"component---src-pages-about-js":["/component---src-pages-about-js-2d000de33065d54f13d0.js"],"component---src-pages-contact-js":["/component---src-pages-contact-js-28e0593f31628602722c.js"],"component---src-pages-founder-js":["/component---src-pages-founder-js-398bad283c3f09d95d30.js"],"component---src-pages-gallery-js":["/component---src-pages-gallery-js-e060db9033bafb2513a1.js"],"component---src-pages-index-js":["/component---src-pages-index-js-bd0db32482e34f465790.js"],"component---src-pages-testimonials-js":["/component---src-pages-testimonials-js-418441009f2f87019051.js"],"reactPlayerYouTube":["/reactPlayerYouTube-da247a133bfa67dd684e.js"],"reactPlayerSoundCloud":["/reactPlayerSoundCloud-cdbfd6dc54901cfaa50b.js"],"reactPlayerVimeo":["/reactPlayerVimeo-f1d5dfc05df1800c960d.js"],"reactPlayerFacebook":["/reactPlayerFacebook-24360af6b2ef697246b3.js"],"reactPlayerStreamable":["/reactPlayerStreamable-79167fec85b0f0b55a54.js"],"reactPlayerWistia":["/reactPlayerWistia-a7974696dc5d82d5e7d9.js"],"reactPlayerTwitch":["/reactPlayerTwitch-f9913a0e5e12589facba.js"],"reactPlayerDailyMotion":["/reactPlayerDailyMotion-db985b719015b3fbbf93.js"],"reactPlayerMixcloud":["/reactPlayerMixcloud-a1256464318ee9460d15.js"],"reactPlayerVidyard":["/reactPlayerVidyard-60fc6278a0841fcbf448.js"],"reactPlayerFilePlayer":["/reactPlayerFilePlayer-1a8736652d846d2148e5.js"],"reactPlayerPreview":["/reactPlayerPreview-236d0ab4fd91bfab5a70.js"]}