{"errors":[],"warnings":[],"namedChunkGroups":{"polyfill":{"chunks":[6,19],"assets":["webpack-runtime-7808aba9a292d2cd26f3.js","webpack-runtime-7808aba9a292d2cd26f3.js.map","polyfill-6a0abff673c64ffa4f99.js","polyfill-6a0abff673c64ffa4f99.js.map"],"children":{},"childAssets":{}},"app":{"chunks":[6,4,18,10],"assets":["webpack-runtime-7808aba9a292d2cd26f3.js","webpack-runtime-7808aba9a292d2cd26f3.js.map","styles.c6f0b15fbae08b9a02a5.css","styles-08bc34de4ea872a98d93.js","styles-08bc34de4ea872a98d93.js.map","framework-ddff9c6a94258f6c8286.js","framework-ddff9c6a94258f6c8286.js.map","app-cf41ed6c3b20d7eedb46.js","app-cf41ed6c3b20d7eedb46.js.map"],"children":{},"childAssets":{}},"component---src-pages-404-js":{"chunks":[11],"assets":["component---src-pages-404-js-86699f511dc801b18891.js","component---src-pages-404-js-86699f511dc801b18891.js.map"],"children":{},"childAssets":{}},"component---src-pages-about-js":{"chunks":[4,2,1,0,3,12],"assets":["styles.c6f0b15fbae08b9a02a5.css","styles-08bc34de4ea872a98d93.js","styles-08bc34de4ea872a98d93.js.map","95b64a6e-8865a4ab2b2b76c0a0e9.js","95b64a6e-8865a4ab2b2b76c0a0e9.js.map","6728d85a-35e6b1a46a949d1f158e.js","6728d85a-35e6b1a46a949d1f158e.js.map","31664189-1fa1bc99898233740db4.js","31664189-1fa1bc99898233740db4.js.map","d64684d8-1961e31950c5d82db594.js","d64684d8-1961e31950c5d82db594.js.map","component---src-pages-about-js-2d000de33065d54f13d0.js","component---src-pages-about-js-2d000de33065d54f13d0.js.map"],"children":{},"childAssets":{}},"component---src-pages-contact-js":{"chunks":[4,2,1,0,3,13],"assets":["styles.c6f0b15fbae08b9a02a5.css","styles-08bc34de4ea872a98d93.js","styles-08bc34de4ea872a98d93.js.map","95b64a6e-8865a4ab2b2b76c0a0e9.js","95b64a6e-8865a4ab2b2b76c0a0e9.js.map","6728d85a-35e6b1a46a949d1f158e.js","6728d85a-35e6b1a46a949d1f158e.js.map","31664189-1fa1bc99898233740db4.js","31664189-1fa1bc99898233740db4.js.map","d64684d8-1961e31950c5d82db594.js","d64684d8-1961e31950c5d82db594.js.map","component---src-pages-contact-js-28e0593f31628602722c.js","component---src-pages-contact-js-28e0593f31628602722c.js.map"],"children":{},"childAssets":{}},"component---src-pages-founder-js":{"chunks":[4,2,1,0,3,14],"assets":["styles.c6f0b15fbae08b9a02a5.css","styles-08bc34de4ea872a98d93.js","styles-08bc34de4ea872a98d93.js.map","95b64a6e-8865a4ab2b2b76c0a0e9.js","95b64a6e-8865a4ab2b2b76c0a0e9.js.map","6728d85a-35e6b1a46a949d1f158e.js","6728d85a-35e6b1a46a949d1f158e.js.map","31664189-1fa1bc99898233740db4.js","31664189-1fa1bc99898233740db4.js.map","d64684d8-1961e31950c5d82db594.js","d64684d8-1961e31950c5d82db594.js.map","component---src-pages-founder-js-398bad283c3f09d95d30.js","component---src-pages-founder-js-398bad283c3f09d95d30.js.map"],"children":{},"childAssets":{}},"component---src-pages-gallery-js":{"chunks":[4,2,1,0,3,5,15],"assets":["styles.c6f0b15fbae08b9a02a5.css","styles-08bc34de4ea872a98d93.js","styles-08bc34de4ea872a98d93.js.map","95b64a6e-8865a4ab2b2b76c0a0e9.js","95b64a6e-8865a4ab2b2b76c0a0e9.js.map","6728d85a-35e6b1a46a949d1f158e.js","6728d85a-35e6b1a46a949d1f158e.js.map","31664189-1fa1bc99898233740db4.js","31664189-1fa1bc99898233740db4.js.map","d64684d8-1961e31950c5d82db594.js","d64684d8-1961e31950c5d82db594.js.map","a979c37c6747bf59c26b02a2e982216fab0805bd-0e592db082eea766e8ab.js","a979c37c6747bf59c26b02a2e982216fab0805bd-0e592db082eea766e8ab.js.map","component---src-pages-gallery-js-e060db9033bafb2513a1.js","component---src-pages-gallery-js-e060db9033bafb2513a1.js.map"],"children":{},"childAssets":{}},"component---src-pages-index-js":{"chunks":[4,2,1,0,3,7,8,9,5,16],"assets":["styles.c6f0b15fbae08b9a02a5.css","styles-08bc34de4ea872a98d93.js","styles-08bc34de4ea872a98d93.js.map","95b64a6e-8865a4ab2b2b76c0a0e9.js","95b64a6e-8865a4ab2b2b76c0a0e9.js.map","6728d85a-35e6b1a46a949d1f158e.js","6728d85a-35e6b1a46a949d1f158e.js.map","31664189-1fa1bc99898233740db4.js","31664189-1fa1bc99898233740db4.js.map","d64684d8-1961e31950c5d82db594.js","d64684d8-1961e31950c5d82db594.js.map","1bfc9850-e75d9e3749af22aa31b3.js","1bfc9850-e75d9e3749af22aa31b3.js.map","5e2a4920-376ef234264ecb03fdfa.js","5e2a4920-376ef234264ecb03fdfa.js.map","ae51ba48-d06b425d7357dbb089bc.js","ae51ba48-d06b425d7357dbb089bc.js.map","a979c37c6747bf59c26b02a2e982216fab0805bd-0e592db082eea766e8ab.js","a979c37c6747bf59c26b02a2e982216fab0805bd-0e592db082eea766e8ab.js.map","component---src-pages-index-js-bd0db32482e34f465790.js","component---src-pages-index-js-bd0db32482e34f465790.js.map"],"children":{},"childAssets":{}},"component---src-pages-testimonials-js":{"chunks":[2,1,0,3,17],"assets":["95b64a6e-8865a4ab2b2b76c0a0e9.js","95b64a6e-8865a4ab2b2b76c0a0e9.js.map","6728d85a-35e6b1a46a949d1f158e.js","6728d85a-35e6b1a46a949d1f158e.js.map","31664189-1fa1bc99898233740db4.js","31664189-1fa1bc99898233740db4.js.map","d64684d8-1961e31950c5d82db594.js","d64684d8-1961e31950c5d82db594.js.map","component---src-pages-testimonials-js-418441009f2f87019051.js","component---src-pages-testimonials-js-418441009f2f87019051.js.map"],"children":{},"childAssets":{}},"reactPlayerYouTube":{"chunks":[31],"assets":["reactPlayerYouTube-da247a133bfa67dd684e.js","reactPlayerYouTube-da247a133bfa67dd684e.js.map"],"children":{},"childAssets":{}},"reactPlayerSoundCloud":{"chunks":[25],"assets":["reactPlayerSoundCloud-cdbfd6dc54901cfaa50b.js","reactPlayerSoundCloud-cdbfd6dc54901cfaa50b.js.map"],"children":{},"childAssets":{}},"reactPlayerVimeo":{"chunks":[29],"assets":["reactPlayerVimeo-f1d5dfc05df1800c960d.js","reactPlayerVimeo-f1d5dfc05df1800c960d.js.map"],"children":{},"childAssets":{}},"reactPlayerFacebook":{"chunks":[21],"assets":["reactPlayerFacebook-24360af6b2ef697246b3.js","reactPlayerFacebook-24360af6b2ef697246b3.js.map"],"children":{},"childAssets":{}},"reactPlayerStreamable":{"chunks":[26],"assets":["reactPlayerStreamable-79167fec85b0f0b55a54.js","reactPlayerStreamable-79167fec85b0f0b55a54.js.map"],"children":{},"childAssets":{}},"reactPlayerWistia":{"chunks":[30],"assets":["reactPlayerWistia-a7974696dc5d82d5e7d9.js","reactPlayerWistia-a7974696dc5d82d5e7d9.js.map"],"children":{},"childAssets":{}},"reactPlayerTwitch":{"chunks":[27],"assets":["reactPlayerTwitch-f9913a0e5e12589facba.js","reactPlayerTwitch-f9913a0e5e12589facba.js.map"],"children":{},"childAssets":{}},"reactPlayerDailyMotion":{"chunks":[20],"assets":["reactPlayerDailyMotion-db985b719015b3fbbf93.js","reactPlayerDailyMotion-db985b719015b3fbbf93.js.map"],"children":{},"childAssets":{}},"reactPlayerMixcloud":{"chunks":[23],"assets":["reactPlayerMixcloud-a1256464318ee9460d15.js","reactPlayerMixcloud-a1256464318ee9460d15.js.map"],"children":{},"childAssets":{}},"reactPlayerVidyard":{"chunks":[28],"assets":["reactPlayerVidyard-60fc6278a0841fcbf448.js","reactPlayerVidyard-60fc6278a0841fcbf448.js.map"],"children":{},"childAssets":{}},"reactPlayerFilePlayer":{"chunks":[22],"assets":["reactPlayerFilePlayer-1a8736652d846d2148e5.js","reactPlayerFilePlayer-1a8736652d846d2148e5.js.map"],"children":{},"childAssets":{}},"reactPlayerPreview":{"chunks":[24],"assets":["reactPlayerPreview-236d0ab4fd91bfab5a70.js","reactPlayerPreview-236d0ab4fd91bfab5a70.js.map"],"children":{},"childAssets":{}}},"assetsByChunkName":{"polyfill":["webpack-runtime-7808aba9a292d2cd26f3.js","polyfill-6a0abff673c64ffa4f99.js"],"app":["webpack-runtime-7808aba9a292d2cd26f3.js","styles.c6f0b15fbae08b9a02a5.css","styles-08bc34de4ea872a98d93.js","framework-ddff9c6a94258f6c8286.js","app-cf41ed6c3b20d7eedb46.js"],"component---src-pages-404-js":["component---src-pages-404-js-86699f511dc801b18891.js"],"component---src-pages-about-js":["styles.c6f0b15fbae08b9a02a5.css","styles-08bc34de4ea872a98d93.js","95b64a6e-8865a4ab2b2b76c0a0e9.js","6728d85a-35e6b1a46a949d1f158e.js","31664189-1fa1bc99898233740db4.js","d64684d8-1961e31950c5d82db594.js","component---src-pages-about-js-2d000de33065d54f13d0.js"],"component---src-pages-contact-js":["styles.c6f0b15fbae08b9a02a5.css","styles-08bc34de4ea872a98d93.js","95b64a6e-8865a4ab2b2b76c0a0e9.js","6728d85a-35e6b1a46a949d1f158e.js","31664189-1fa1bc99898233740db4.js","d64684d8-1961e31950c5d82db594.js","component---src-pages-contact-js-28e0593f31628602722c.js"],"component---src-pages-founder-js":["styles.c6f0b15fbae08b9a02a5.css","styles-08bc34de4ea872a98d93.js","95b64a6e-8865a4ab2b2b76c0a0e9.js","6728d85a-35e6b1a46a949d1f158e.js","31664189-1fa1bc99898233740db4.js","d64684d8-1961e31950c5d82db594.js","component---src-pages-founder-js-398bad283c3f09d95d30.js"],"component---src-pages-gallery-js":["styles.c6f0b15fbae08b9a02a5.css","styles-08bc34de4ea872a98d93.js","95b64a6e-8865a4ab2b2b76c0a0e9.js","6728d85a-35e6b1a46a949d1f158e.js","31664189-1fa1bc99898233740db4.js","d64684d8-1961e31950c5d82db594.js","a979c37c6747bf59c26b02a2e982216fab0805bd-0e592db082eea766e8ab.js","component---src-pages-gallery-js-e060db9033bafb2513a1.js"],"component---src-pages-index-js":["styles.c6f0b15fbae08b9a02a5.css","styles-08bc34de4ea872a98d93.js","95b64a6e-8865a4ab2b2b76c0a0e9.js","6728d85a-35e6b1a46a949d1f158e.js","31664189-1fa1bc99898233740db4.js","d64684d8-1961e31950c5d82db594.js","1bfc9850-e75d9e3749af22aa31b3.js","5e2a4920-376ef234264ecb03fdfa.js","ae51ba48-d06b425d7357dbb089bc.js","a979c37c6747bf59c26b02a2e982216fab0805bd-0e592db082eea766e8ab.js","component---src-pages-index-js-bd0db32482e34f465790.js"],"component---src-pages-testimonials-js":["95b64a6e-8865a4ab2b2b76c0a0e9.js","6728d85a-35e6b1a46a949d1f158e.js","31664189-1fa1bc99898233740db4.js","d64684d8-1961e31950c5d82db594.js","component---src-pages-testimonials-js-418441009f2f87019051.js"],"reactPlayerYouTube":["reactPlayerYouTube-da247a133bfa67dd684e.js"],"reactPlayerSoundCloud":["reactPlayerSoundCloud-cdbfd6dc54901cfaa50b.js"],"reactPlayerVimeo":["reactPlayerVimeo-f1d5dfc05df1800c960d.js"],"reactPlayerFacebook":["reactPlayerFacebook-24360af6b2ef697246b3.js"],"reactPlayerStreamable":["reactPlayerStreamable-79167fec85b0f0b55a54.js"],"reactPlayerWistia":["reactPlayerWistia-a7974696dc5d82d5e7d9.js"],"reactPlayerTwitch":["reactPlayerTwitch-f9913a0e5e12589facba.js"],"reactPlayerDailyMotion":["reactPlayerDailyMotion-db985b719015b3fbbf93.js"],"reactPlayerMixcloud":["reactPlayerMixcloud-a1256464318ee9460d15.js"],"reactPlayerVidyard":["reactPlayerVidyard-60fc6278a0841fcbf448.js"],"reactPlayerFilePlayer":["reactPlayerFilePlayer-1a8736652d846d2148e5.js"],"reactPlayerPreview":["reactPlayerPreview-236d0ab4fd91bfab5a70.js"]}}